{
  "/reactjs/react.dev": {
    "scores": {
      "question": 86.67,
      "llm": 89.5,
      "formatting": 45.45454545454545,
      "metadata": 100,
      "initialization": 75.75757575757575
    },
    "averageScore": 80.47766666666665
  }
}