{
  "/reactjs/react.dev": {
    "scores": {
      "question": 92.57,
      "llm": 93,
      "formatting": 45.45454545454545,
      "metadata": 100,
      "initialization": 75.75757575757575
    },
    "averageScore": 85.37266666666666
  }
}