{
  "/reactjs/react.dev": {
    "scores": {
      "question": 86.67,
      "llm": 89.5,
      "formatting": 45.45454545454545,
      "metadata": 100,
      "initialization": 75.75757575757575
    },
    "averageScore": 80.47766666666665
  },
  "/context7/tailwindcss": {
    "scores": {
      "question": 73.47,
      "llm": 74,
      "formatting": 56.98924731182796,
      "metadata": 100,
      "initialization": 80.64516129032258
    },
    "averageScore": 69.84159139784947
  },
  "/tailwindlabs/tailwindcss.com": {
    "scores": {
      "question": 6.05,
      "llm": 46,
      "formatting": 42.42424242424242,
      "metadata": 100,
      "initialization": 63.63636363636363
    },
    "averageScore": 13.352121212121212
  },
  "/vercel/next.js": {
    "scores": {
      "question": 95.75,
      "llm": 70.5,
      "formatting": 26.41509433962264,
      "metadata": 100,
      "initialization": 94.33962264150944
    },
    "averageScore": 86.30424528301887
  },
  "/facebook/react": {
    "scores": {
      "question": 83.05,
      "llm": 75.5,
      "formatting": 63.76811594202898,
      "metadata": 100,
      "initialization": 89.85507246376811
    },
    "averageScore": 78.14978260869566
  }
}