{
  "/reactjs/react.dev": {
    "scores": {
      "question": 86.67,
      "llm": 89.5,
      "formatting": 45.45454545454545,
      "metadata": 100,
      "initialization": 75.75757575757575
    },
    "averageScore": 80.47766666666665
  },
  "/context7/tailwindcss": {
    "scores": {
      "question": 73.47,
      "llm": 74,
      "formatting": 56.98924731182796,
      "metadata": 100,
      "initialization": 80.64516129032258
    },
    "averageScore": 69.84159139784947
  }
}