{
  "/tailwindlabs/tailwindcss.com": {
    "scores": {
      "question": 79,
      "llm": 56.5,
      "formatting": 42.42424242424242,
      "metadata": 100,
      "initialization": 63.63636363636363
    },
    "averageScore": 72.23712121212122
  },
  "/context7/tailwindcss": {
    "scores": {
      "question": 57.67,
      "llm": 54.5,
      "formatting": 56.98924731182796,
      "metadata": 100,
      "initialization": 80.64516129032258
    },
    "averageScore": 56.22659139784947
  }
}